{
  "stationarity": {
    "adf": {
      "statistic": -2.8911299594303466,
      "p_value": 0.046389228037446155,
      "critical_values": {
        "1%": -3.4645146202692527,
        "5%": -2.8765564361715534,
        "10%": -2.5747745328940375
      },
      "is_stationary": true,
      "interpretation": "ADF检验：平稳"
    },
    "kpss": {
      "statistic": 0.7837196104361944,
      "p_value": 0.01,
      "critical_values": {
        "10%": 0.347,
        "5%": 0.463,
        "2.5%": 0.574,
        "1%": 0.739
      },
      "is_stationary": false,
      "interpretation": "KPSS检验：非平稳"
    },
    "overall": {
      "is_stationary": false,
      "interpretation": "综合判断：结果不一致，建议进一步分析"
    }
  },
  "differencing": {
    "applied": true,
    "order": 1,
    "differenced_data": [
      0.010749944732182826,
      0.6137342090618745,
      2.146950364181535,
      1.7256208371261437,
      0.9035516166221242,
      2.141457860058125,
      2.7402190758458147,
      1.6789093859029833,
      1.5769542979375757,
      0.8032183288196251,
      -0.04250223124024899,
      0.07249178362677355,
      -1.7899473146492397,
      -3.5518650261648474,
      -3.566068397310275,
      -3.6777652572239106,
      -2.5640376835617786,
      -2.608576254235885,
      -3.5107143019567673,
      -1.4155423528487745,
      -0.7769613168042042,
      -0.5440776072209843,
      -1.7853440498617772,
      -2.2215480152924556,
      -1.6074758383524,
      -2.2429498873560334,
      -1.539664976030238,
      -1.5656947676362734,
      -1.5678716941143023,
      -1.7867249230473874,
      0.42105875470693377,
      0.8369273589096053,
      -0.475910945140555,
      0.172093971818029,
      -0.8536143960674423,
      -0.754919577233764,
      -2.4254547494419825,
      -3.613905410671748,
      -2.7313283662706453,
      -1.114404905633279,
      -0.38717517875471685,
      -0.3352604231595535,
      -0.5704804765174458,
      -1.9681894326064153,
      -2.5411334083294363,
      -2.4553854193088043,
      -0.7998391985851825,
      0.10086751842450781,
      -1.589347405595042,
      -1.3173712611305533,
      -1.210016972389262,
      -1.6394585651033395,
      -0.7390213068232541,
      0.6971874943719314,
      1.728611221925334,
      0.6501943678599531,
      -0.10584157531603466,
      0.16441061592697537,
      1.190011587692311,
      0.6464974116760374,
      0.12313694015581689,
      -1.0758368088960992,
      -2.2811928825097496,
      -1.1431711825868263,
      0.7997779474783044,
      0.8947064502257263,
      1.608224376575933,
      1.7884529580183965,
      0.7152881235220434,
      0.6685613655923035,
      2.11444820403311,
      1.9056986736530135,
      2.887884915638125,
      -0.12883256639884166,
      -0.05420382333089435,
      0.29567514321911403,
      -0.0659206297410293,
      -0.04408586942298598,
      -1.9909007902363385,
      -2.2095731153832148,
      -1.255490175607754,
      0.7061846932696128,
      0.41942728043753874,
      -0.6703755720690054,
      -1.2135680249007947,
      -0.08462261280384809,
      0.5441359160076118,
      -0.05023972966380086,
      0.3191715612185817,
      0.4744778721350542,
      1.3299027658318394,
      0.5194723393648033,
      -0.17464743720561415,
      -0.612660003155419,
      -2.0100093962805587,
      -1.5499407847714508,
      -0.7350671940407523,
      -0.43111699753210075,
      -0.5348349946548794,
      -1.8601313783213698,
      -2.147348510205447,
      -1.9720520705001903,
      -2.2855280735297825,
      -2.0018385439033395,
      -1.045621837417606,
      1.2754658720625685,
      1.6332596936387986,
      1.4532055201194751,
      1.0200630655342948,
      -1.2270608441548845,
      -1.4610878309473492,
      -0.9704854343568812,
      1.8019713714177783,
      1.8079916289569056,
      1.5094331931691087,
      1.112355668213219,
      -0.4004426007818509,
      0.5119095826818665,
      1.4531165849185825,
      2.0337934662920887,
      0.7515775557226405,
      1.656082363503522,
      0.17824488494101587,
      0.2910731944212941,
      2.570263990044964,
      1.465785155643779,
      0.1625909818086697,
      0.04357573347287769,
      -0.4430772311588953,
      -2.0118601891122196,
      -1.8049381868923646,
      -2.305191552108951,
      -1.4587327699589139,
      -1.7984594440144903,
      0.015185523937255141,
      -0.3076431040748986,
      -0.7723876767589744,
      0.1762273887766881,
      -0.8634499790793768,
      -0.7462143456816221,
      0.8530306926865308,
      -0.6182189233959292,
      -0.7303643582132153,
      -0.19598209894113694,
      0.7226002407930423,
      -0.4965836807897617,
      -2.039150402900532,
      -1.30160070033876,
      -0.4575533473188713,
      0.01930090919262284,
      0.43510670103557203,
      -0.27151556800449583,
      -0.16181461691569154,
      0.24947835060599743,
      -0.4517948306125632,
      1.3352127043080486,
      1.968214167270851,
      0.3285962961604838,
      0.5291799667853709,
      -0.40728961088741045,
      0.2095773750530654,
      1.5414251226672846,
      0.6058939412176088,
      1.1412971925911393,
      1.5007018005235935,
      1.996385698441955,
      3.5408810195616596,
      2.802266492486474,
      1.1342339455821815,
      -0.3216715170252442,
      -1.3078346757707635,
      -1.2373290679432714,
      -0.5481088855678777,
      -0.004639828122499523,
      0.9069426091492758,
      0.8960166929932072,
      2.0846463298159392,
      1.6306558207803903,
      3.782231191164499,
      4.089279931557044,
      2.193038600003163,
      0.20708725501620506,
      0.30616574433619803,
      0.13559496028244666,
      0.7418781306920437,
      1.2067524642856,
      0.9138690997151144,
      -0.228934022064891,
      -1.929139155551809,
      -2.2513665283590427,
      -0.8535122611479693,
      -0.1264452003763239,
      -1.2700222957363536,
      -1.089556314777866,
      -0.32541776286032587,
      -0.9960546562846986,
      -0.8086703843140981,
      -0.46174301879021584,
      -1.4487277954499689
    ]
  },
  "model_identification": {
    "recommended_models": [
      {
        "order": [
          1,
          1,
          0
        ],
        "type": "ARIMA(1, 1, 0)",
        "reasoning": "常用低阶模型",
        "confidence": 0.3
      },
      {
        "order": [
          0,
          1,
          1
        ],
        "type": "ARIMA(0, 1, 1)",
        "reasoning": "常用低阶模型",
        "confidence": 0.3
      },
      {
        "order": [
          1,
          1,
          1
        ],
        "type": "ARIMA(1, 1, 1)",
        "reasoning": "常用低阶模型",
        "confidence": 0.3
      },
      {
        "order": [
          2,
          1,
          0
        ],
        "type": "ARIMA(2, 1, 0)",
        "reasoning": "常用低阶模型",
        "confidence": 0.3
      },
      {
        "order": [
          0,
          1,
          2
        ],
        "type": "ARIMA(0, 1, 2)",
        "reasoning": "常用低阶模型",
        "confidence": 0.3
      },
      {
        "order": [
          2,
          1,
          1
        ],
        "type": "ARIMA(2, 1, 1)",
        "reasoning": "常用低阶模型",
        "confidence": 0.3
      },
      {
        "order": [
          1,
          1,
          2
        ],
        "type": "ARIMA(1, 1, 2)",
        "reasoning": "常用低阶模型",
        "confidence": 0.3
      }
    ],
    "acf_pacf_analysis": {
      "acf_analysis": {
        "pattern_type": "白噪声",
        "cutoff_lag": 0,
        "last_significant_lag": 0,
        "significant_lags": [],
        "max_significant_value": 0.0
      },
      "pacf_analysis": {
        "pattern_type": "白噪声",
        "cutoff_lag": 0,
        "last_significant_lag": 0,
        "significant_lags": [],
        "max_significant_value": 0.0
      },
      "recommended_models": [
        {
          "order": [
            1,
            1,
            0
          ],
          "type": "ARIMA(1, 1, 0)",
          "reasoning": "常用低阶模型",